<?xml version="1.0" encoding="UTF-8"?>
<project-private xmlns="http://www.netbeans.org/ns/project-private/1">
    <editor-bookmarks xmlns="http://www.netbeans.org/ns/editor-bookmarks/2" lastBookmarkId="0"/>
    <open-files xmlns="http://www.netbeans.org/ns/projectui-open-files/2">
        <group>
            <file>file:/C:/Users/eulal/Descargas/RunPractica5Arreglos/RunPractica4Arreglos/src/runpractica4arreglos/Automovil.java</file>
            <file>file:/C:/Users/eulal/Descargas/RunPractica5Arreglos/RunPractica4Arreglos/src/runpractica4arreglos/Automotor.java</file>
            <file>file:/C:/Users/eulal/Descargas/RunPractica5Arreglos/RunPractica4Arreglos/src/runpractica4arreglos/RunPractica4Arreglos.java</file>
        </group>
    </open-files>
</project-private>
