<?xml version="1.0" encoding="UTF-8"?>
<project-private xmlns="http://www.netbeans.org/ns/project-private/1">
    <editor-bookmarks xmlns="http://www.netbeans.org/ns/editor-bookmarks/2" lastBookmarkId="0"/>
    <open-files xmlns="http://www.netbeans.org/ns/projectui-open-files/2">
        <group>
            <file>file:/C:/Users/eulal/Downloads/practica4Transportes/practica4Transportes/src/vehiculos/Vehiculo.java</file>
            <file>file:/C:/Users/eulal/Downloads/practica4Transportes/practica4Transportes/src/practica4transportes/Tren.java</file>
            <file>file:/C:/Users/eulal/Downloads/practica4Transportes/practica4Transportes/src/practica4transportes/Avion.java</file>
            <file>file:/C:/Users/eulal/Downloads/practica4Transportes/practica4Transportes/src/practica4transportes/Practica4Transportes.java</file>
            <file>file:/C:/Users/eulal/Downloads/practica4Transportes/practica4Transportes/src/practica4transportes/Automovil.java</file>
        </group>
    </open-files>
</project-private>
