<?xml version="1.0" encoding="UTF-8"?>
<project-private xmlns="http://www.netbeans.org/ns/project-private/1">
    <editor-bookmarks xmlns="http://www.netbeans.org/ns/editor-bookmarks/2" lastBookmarkId="0"/>
    <open-files xmlns="http://www.netbeans.org/ns/projectui-open-files/2">
        <group>
            <file>file:/C:/Users/Juan%20Carlos/Documents/NetBeansProjects/practica9/src/Clases/Staff.java</file>
            <file>file:/C:/Users/Juan%20Carlos/Documents/NetBeansProjects/practica9/src/Clases/Person.java</file>
            <file>file:/C:/Users/Juan%20Carlos/Documents/NetBeansProjects/practica9/src/practica9/Practica9.java</file>
            <file>file:/C:/Users/Juan%20Carlos/Documents/NetBeansProjects/practica9/src/Clases/Student.java</file>
        </group>
    </open-files>
</project-private>
