<?xml version="1.0" encoding="UTF-8"?>
<project-private xmlns="http://www.netbeans.org/ns/project-private/1">
    <editor-bookmarks xmlns="http://www.netbeans.org/ns/editor-bookmarks/2" lastBookmarkId="0"/>
    <open-files xmlns="http://www.netbeans.org/ns/projectui-open-files/2">
        <group>
            <file>file:/C:/Users/eulal/Descargas/RunPractica7/RunPractica7/src/runpractica7/Perro.java</file>
            <file>file:/C:/Users/eulal/Descargas/RunPractica7/RunPractica7/src/runpractica7/Animal.java</file>
            <file>file:/C:/Users/eulal/Descargas/RunPractica7/RunPractica7/src/runpractica7/caballo.java</file>
            <file>file:/C:/Users/eulal/Descargas/RunPractica7/RunPractica7/src/runpractica7/Gato.java</file>
            <file>file:/C:/Users/eulal/Descargas/RunPractica7/RunPractica7/src/runpractica7/Jaguar.java</file>
            <file>file:/C:/Users/eulal/Descargas/RunPractica7/RunPractica7/src/runpractica7/Gorrion.java</file>
            <file>file:/C:/Users/eulal/Descargas/RunPractica7/RunPractica7/src/runpractica7/RunPractica7.java</file>
        </group>
    </open-files>
</project-private>
